<ImportExportXml xmlns:xsi="http://www.w3.org/2001/XMLSchema-instance">
  <Entities>
    <Entity>
      <Name LocalizedName="Account" OriginalName="">Account</Name>
      <EntityInfo>
        <entity Name="Account">
          <attributes>
            <attribute PhysicalName="paz_Field1">
              <Type>nvarchar</Type>
              <Name>paz_field1</Name>
              <LogicalName>paz_field1</LogicalName>
              <RequiredLevel>none</RequiredLevel>
              <DisplayMask>ValidForAdvancedFind|ValidForForm|ValidForGrid</DisplayMask>
              <ImeMode>auto</ImeMode>
              <ValidForUpdateApi>1</ValidForUpdateApi>
              <ValidForReadApi>1</ValidForReadApi>
              <ValidForCreateApi>1</ValidForCreateApi>
              <IsCustomField>1</IsCustomField>
              <IsAuditEnabled>1</IsAuditEnabled>
              <IsSecured>0</IsSecured>
              <IntroducedVersion>0.1.0.0</IntroducedVersion>
              <IsCustomizable>1</IsCustomizable>
              <IsRenameable>1</IsRenameable>
              <CanModifySearchSettings>1</CanModifySearchSettings>
              <CanModifyRequirementLevelSettings>1</CanModifyRequirementLevelSettings>
              <CanModifyAdditionalSettings>1</CanModifyAdditionalSettings>
              <SourceType>0</SourceType>
              <IsGlobalFilterEnabled>0</IsGlobalFilterEnabled>
              <IsSortableEnabled>0</IsSortableEnabled>
              <CanModifyGlobalFilterSettings>1</CanModifyGlobalFilterSettings>
              <CanModifyIsSortableSettings>1</CanModifyIsSortableSettings>
              <IsDataSourceSecret>0</IsDataSourceSecret>
              <AutoNumberFormat></AutoNumberFormat>
              <Format>text</Format>
              <MaxLength>100</MaxLength>
              <Length>200</Length>
              <displaynames>
                <displayname description="Field1" languagecode="1033" />
              </displaynames>
              <Descriptions>
                <Description description="" languagecode="1033" />
              </Descriptions>
            </attribute>
            <attribute PhysicalName="paz_Field2">
              <Type>int</Type>
              <Name>paz_field2</Name>
              <LogicalName>paz_field2</LogicalName>
              <RequiredLevel>none</RequiredLevel>
              <DisplayMask>ValidForAdvancedFind|ValidForForm|ValidForGrid</DisplayMask>
              <ImeMode>auto</ImeMode>
              <ValidForUpdateApi>1</ValidForUpdateApi>
              <ValidForReadApi>1</ValidForReadApi>
              <ValidForCreateApi>1</ValidForCreateApi>
              <IsCustomField>1</IsCustomField>
              <IsAuditEnabled>1</IsAuditEnabled>
              <IsSecured>0</IsSecured>
              <IntroducedVersion>0.1.0.0</IntroducedVersion>
              <IsCustomizable>1</IsCustomizable>
              <IsRenameable>1</IsRenameable>
              <CanModifySearchSettings>1</CanModifySearchSettings>
              <CanModifyRequirementLevelSettings>1</CanModifyRequirementLevelSettings>
              <CanModifyAdditionalSettings>1</CanModifyAdditionalSettings>
              <SourceType>0</SourceType>
              <IsGlobalFilterEnabled>0</IsGlobalFilterEnabled>
              <IsSortableEnabled>0</IsSortableEnabled>
              <CanModifyGlobalFilterSettings>1</CanModifyGlobalFilterSettings>
              <CanModifyIsSortableSettings>1</CanModifyIsSortableSettings>
              <IsDataSourceSecret>0</IsDataSourceSecret>
              <AutoNumberFormat></AutoNumberFormat>
              <MinValue>-2147483648</MinValue>
              <MaxValue>2147483647</MaxValue>
              <displaynames>
                <displayname description="Field2" languagecode="1033" />
              </displaynames>
              <Descriptions>
                <Description description="" languagecode="1033" />
              </Descriptions>
            </attribute>
            <attribute PhysicalName="paz_Field3">
              <Type>money</Type>
              <Name>paz_field3</Name>
              <LogicalName>paz_field3</LogicalName>
              <RequiredLevel>none</RequiredLevel>
              <DisplayMask>ValidForAdvancedFind|ValidForForm|ValidForGrid</DisplayMask>
              <ImeMode>auto</ImeMode>
              <ValidForUpdateApi>1</ValidForUpdateApi>
              <ValidForReadApi>1</ValidForReadApi>
              <ValidForCreateApi>1</ValidForCreateApi>
              <IsCustomField>1</IsCustomField>
              <IsAuditEnabled>1</IsAuditEnabled>
              <IsSecured>0</IsSecured>
              <IntroducedVersion>0.1.0.0</IntroducedVersion>
              <IsCustomizable>1</IsCustomizable>
              <IsRenameable>1</IsRenameable>
              <CanModifySearchSettings>1</CanModifySearchSettings>
              <CanModifyRequirementLevelSettings>1</CanModifyRequirementLevelSettings>
              <CanModifyAdditionalSettings>1</CanModifyAdditionalSettings>
              <SourceType>0</SourceType>
              <IsGlobalFilterEnabled>0</IsGlobalFilterEnabled>
              <IsSortableEnabled>0</IsSortableEnabled>
              <CanModifyGlobalFilterSettings>1</CanModifyGlobalFilterSettings>
              <CanModifyIsSortableSettings>1</CanModifyIsSortableSettings>
              <IsDataSourceSecret>0</IsDataSourceSecret>
              <AutoNumberFormat></AutoNumberFormat>
              <MinValue>-922337203685477</MinValue>
              <MaxValue>922337203685477</MaxValue>
              <Accuracy>4</Accuracy>
              <AccuracySource>2</AccuracySource>
              <displaynames>
                <displayname description="Field3" languagecode="1033" />
              </displaynames>
              <Descriptions>
                <Description description="" languagecode="1033" />
              </Descriptions>
            </attribute>
            <attribute PhysicalName="paz_field3_Base">
              <Type>money</Type>
              <Name>paz_field3_base</Name>
              <LogicalName>paz_field3_base</LogicalName>
              <RequiredLevel>none</RequiredLevel>
              <DisplayMask>ValidForAdvancedFind|ValidForForm|ValidForGrid</DisplayMask>
              <ImeMode>disabled</ImeMode>
              <ValidForReadApi>1</ValidForReadApi>
              <IsCustomField>1</IsCustomField>
              <IsAuditEnabled>1</IsAuditEnabled>
              <IsSecured>0</IsSecured>
              <IntroducedVersion>0.1.0.0</IntroducedVersion>
              <IsCustomizable>1</IsCustomizable>
              <IsRenameable>1</IsRenameable>
              <CanModifySearchSettings>1</CanModifySearchSettings>
              <CanModifyRequirementLevelSettings>1</CanModifyRequirementLevelSettings>
              <CanModifyAdditionalSettings>1</CanModifyAdditionalSettings>
              <SourceType>0</SourceType>
              <IsGlobalFilterEnabled>0</IsGlobalFilterEnabled>
              <IsSortableEnabled>0</IsSortableEnabled>
              <CanModifyGlobalFilterSettings>1</CanModifyGlobalFilterSettings>
              <CanModifyIsSortableSettings>1</CanModifyIsSortableSettings>
              <IsDataSourceSecret>0</IsDataSourceSecret>
              <AutoNumberFormat></AutoNumberFormat>
              <MinValue>-922337203685477</MinValue>
              <MaxValue>922337203685477</MaxValue>
              <Accuracy>4</Accuracy>
              <AccuracySource>2</AccuracySource>
              <CalculationOf>paz_Field3</CalculationOf>
              <displaynames>
                <displayname description="Field3 (Base)" languagecode="1033" />
              </displaynames>
              <Descriptions>
                <Description description="Value of the Field3 in base currency." languagecode="1033" />
              </Descriptions>
            </attribute>
          </attributes>
        </entity>
      </EntityInfo>
      <RibbonDiffXml>
        <CustomActions />
        <Templates>
          <RibbonTemplates Id="Mscrm.Templates"></RibbonTemplates>
        </Templates>
        <CommandDefinitions />
        <RuleDefinitions>
          <TabDisplayRules />
          <DisplayRules />
          <EnableRules />
        </RuleDefinitions>
        <LocLabels />
      </RibbonDiffXml>
    </Entity>
    <Entity>
      <Name LocalizedName="Lead" OriginalName="Lead">Lead</Name>
      <EntityInfo>
        <entity Name="Lead">
          <attributes>
            <attribute PhysicalName="paz_Field1">
              <Type>nvarchar</Type>
              <Name>paz_field1</Name>
              <LogicalName>paz_field1</LogicalName>
              <RequiredLevel>none</RequiredLevel>
              <DisplayMask>ValidForAdvancedFind|ValidForForm|ValidForGrid</DisplayMask>
              <ImeMode>auto</ImeMode>
              <ValidForUpdateApi>1</ValidForUpdateApi>
              <ValidForReadApi>1</ValidForReadApi>
              <ValidForCreateApi>1</ValidForCreateApi>
              <IsCustomField>1</IsCustomField>
              <IsAuditEnabled>1</IsAuditEnabled>
              <IsSecured>0</IsSecured>
              <IntroducedVersion>0.1.0.0</IntroducedVersion>
              <IsCustomizable>1</IsCustomizable>
              <IsRenameable>1</IsRenameable>
              <CanModifySearchSettings>1</CanModifySearchSettings>
              <CanModifyRequirementLevelSettings>1</CanModifyRequirementLevelSettings>
              <CanModifyAdditionalSettings>1</CanModifyAdditionalSettings>
              <SourceType>0</SourceType>
              <IsGlobalFilterEnabled>0</IsGlobalFilterEnabled>
              <IsSortableEnabled>0</IsSortableEnabled>
              <CanModifyGlobalFilterSettings>1</CanModifyGlobalFilterSettings>
              <CanModifyIsSortableSettings>1</CanModifyIsSortableSettings>
              <IsDataSourceSecret>0</IsDataSourceSecret>
              <AutoNumberFormat></AutoNumberFormat>
              <Format>text</Format>
              <MaxLength>100</MaxLength>
              <Length>200</Length>
              <displaynames>
                <displayname description="Field1" languagecode="1033" />
              </displaynames>
              <Descriptions>
                <Description description="" languagecode="1033" />
              </Descriptions>
            </attribute>
            <attribute PhysicalName="paz_Field2">
              <Type>int</Type>
              <Name>paz_field2</Name>
              <LogicalName>paz_field2</LogicalName>
              <RequiredLevel>none</RequiredLevel>
              <DisplayMask>ValidForAdvancedFind|ValidForForm|ValidForGrid</DisplayMask>
              <ImeMode>auto</ImeMode>
              <ValidForUpdateApi>1</ValidForUpdateApi>
              <ValidForReadApi>1</ValidForReadApi>
              <ValidForCreateApi>1</ValidForCreateApi>
              <IsCustomField>1</IsCustomField>
              <IsAuditEnabled>1</IsAuditEnabled>
              <IsSecured>0</IsSecured>
              <IntroducedVersion>0.1.0.0</IntroducedVersion>
              <IsCustomizable>1</IsCustomizable>
              <IsRenameable>1</IsRenameable>
              <CanModifySearchSettings>1</CanModifySearchSettings>
              <CanModifyRequirementLevelSettings>1</CanModifyRequirementLevelSettings>
              <CanModifyAdditionalSettings>1</CanModifyAdditionalSettings>
              <SourceType>0</SourceType>
              <IsGlobalFilterEnabled>0</IsGlobalFilterEnabled>
              <IsSortableEnabled>0</IsSortableEnabled>
              <CanModifyGlobalFilterSettings>1</CanModifyGlobalFilterSettings>
              <CanModifyIsSortableSettings>1</CanModifyIsSortableSettings>
              <IsDataSourceSecret>0</IsDataSourceSecret>
              <AutoNumberFormat></AutoNumberFormat>
              <MinValue>-2147483648</MinValue>
              <MaxValue>2147483647</MaxValue>
              <displaynames>
                <displayname description="Field2" languagecode="1033" />
              </displaynames>
              <Descriptions>
                <Description description="" languagecode="1033" />
              </Descriptions>
            </attribute>
            <attribute PhysicalName="paz_Field3">
              <Type>money</Type>
              <Name>paz_field3</Name>
              <LogicalName>paz_field3</LogicalName>
              <RequiredLevel>none</RequiredLevel>
              <DisplayMask>ValidForAdvancedFind|ValidForForm|ValidForGrid</DisplayMask>
              <ImeMode>auto</ImeMode>
              <ValidForUpdateApi>1</ValidForUpdateApi>
              <ValidForReadApi>1</ValidForReadApi>
              <ValidForCreateApi>1</ValidForCreateApi>
              <IsCustomField>1</IsCustomField>
              <IsAuditEnabled>1</IsAuditEnabled>
              <IsSecured>0</IsSecured>
              <IntroducedVersion>0.1.0.0</IntroducedVersion>
              <IsCustomizable>1</IsCustomizable>
              <IsRenameable>1</IsRenameable>
              <CanModifySearchSettings>1</CanModifySearchSettings>
              <CanModifyRequirementLevelSettings>1</CanModifyRequirementLevelSettings>
              <CanModifyAdditionalSettings>1</CanModifyAdditionalSettings>
              <SourceType>0</SourceType>
              <IsGlobalFilterEnabled>0</IsGlobalFilterEnabled>
              <IsSortableEnabled>0</IsSortableEnabled>
              <CanModifyGlobalFilterSettings>1</CanModifyGlobalFilterSettings>
              <CanModifyIsSortableSettings>1</CanModifyIsSortableSettings>
              <IsDataSourceSecret>0</IsDataSourceSecret>
              <AutoNumberFormat></AutoNumberFormat>
              <MinValue>-922337203685477</MinValue>
              <MaxValue>922337203685477</MaxValue>
              <Accuracy>4</Accuracy>
              <AccuracySource>2</AccuracySource>
              <displaynames>
                <displayname description="Field3" languagecode="1033" />
              </displaynames>
              <Descriptions>
                <Description description="" languagecode="1033" />
              </Descriptions>
            </attribute>
            <attribute PhysicalName="paz_field3_Base">
              <Type>money</Type>
              <Name>paz_field3_base</Name>
              <LogicalName>paz_field3_base</LogicalName>
              <RequiredLevel>none</RequiredLevel>
              <DisplayMask>ValidForAdvancedFind|ValidForForm|ValidForGrid</DisplayMask>
              <ImeMode>disabled</ImeMode>
              <ValidForReadApi>1</ValidForReadApi>
              <IsCustomField>1</IsCustomField>
              <IsAuditEnabled>1</IsAuditEnabled>
              <IsSecured>0</IsSecured>
              <IntroducedVersion>0.1.0.0</IntroducedVersion>
              <IsCustomizable>1</IsCustomizable>
              <IsRenameable>1</IsRenameable>
              <CanModifySearchSettings>1</CanModifySearchSettings>
              <CanModifyRequirementLevelSettings>1</CanModifyRequirementLevelSettings>
              <CanModifyAdditionalSettings>1</CanModifyAdditionalSettings>
              <SourceType>0</SourceType>
              <IsGlobalFilterEnabled>0</IsGlobalFilterEnabled>
              <IsSortableEnabled>0</IsSortableEnabled>
              <CanModifyGlobalFilterSettings>1</CanModifyGlobalFilterSettings>
              <CanModifyIsSortableSettings>1</CanModifyIsSortableSettings>
              <IsDataSourceSecret>0</IsDataSourceSecret>
              <AutoNumberFormat></AutoNumberFormat>
              <MinValue>-922337203685477</MinValue>
              <MaxValue>922337203685477</MaxValue>
              <Accuracy>4</Accuracy>
              <AccuracySource>2</AccuracySource>
              <CalculationOf>paz_Field3</CalculationOf>
              <displaynames>
                <displayname description="Field3 (Base)" languagecode="1033" />
              </displaynames>
              <Descriptions>
                <Description description="Value of the Field3 in base currency." languagecode="1033" />
              </Descriptions>
            </attribute>
          </attributes>
        </entity>
      </EntityInfo>
      <RibbonDiffXml>
        <CustomActions />
        <Templates>
          <RibbonTemplates Id="Mscrm.Templates"></RibbonTemplates>
        </Templates>
        <CommandDefinitions />
        <RuleDefinitions>
          <TabDisplayRules />
          <DisplayRules />
          <EnableRules />
        </RuleDefinitions>
        <LocLabels />
      </RibbonDiffXml>
    </Entity>
    <Entity>
      <Name LocalizedName="Opportunity" OriginalName="Opportunity">Opportunity</Name>
      <FormXml>
        <forms type="quickCreate">
          <systemform>
            <formid>{e3c588ee-8e11-49da-a5fe-3800f3f683de}</formid>
            <IntroducedVersion>6.0.0.0</IntroducedVersion>
            <FormPresentation>0</FormPresentation>
            <FormActivationState>1</FormActivationState>
            <form maxWidth="1920" solutionaction="Modified" />
            <LocalizedNames>
              <LocalizedName description="Quick Create" languagecode="1033" />
            </LocalizedNames>
            <Descriptions>
              <Description description="Default quick create form for Opportunity" languagecode="1033" />
            </Descriptions>
          </systemform>
        </forms>
      </FormXml>
      <RibbonDiffXml>
        <CustomActions />
        <Templates>
          <RibbonTemplates Id="Mscrm.Templates"></RibbonTemplates>
        </Templates>
        <CommandDefinitions />
        <RuleDefinitions>
          <TabDisplayRules />
          <DisplayRules />
          <EnableRules />
        </RuleDefinitions>
        <LocLabels />
      </RibbonDiffXml>
    </Entity>
  </Entities>
  <Roles></Roles>
  <Workflows>
    <Workflow WorkflowId="{48c9b2a4-93f6-499b-beec-02abe1332028}" Name="Ajax">
      <XamlFileName>/Workflows/Ajax-48C9B2A4-93F6-499B-BEEC-02ABE1332028.xaml</XamlFileName>
      <Type>1</Type>
      <Subprocess>0</Subprocess>
      <Category>3</Category>
      <Mode>0</Mode>
      <Scope>4</Scope>
      <OnDemand>0</OnDemand>
      <TriggerOnCreate>0</TriggerOnCreate>
      <TriggerOnDelete>0</TriggerOnDelete>
      <AsyncAutodelete>0</AsyncAutodelete>
      <SyncWorkflowLogOnFailure>1</SyncWorkflowLogOnFailure>
      <StateCode>1</StateCode>
      <StatusCode>2</StatusCode>
      <CreateStage>40</CreateStage>
      <RunAs>1</RunAs>
      <SdkMessageId>{81348211-9a3a-e911-a82c-000d3a17c513}</SdkMessageId>
      <UniqueName>Ajax</UniqueName>
      <IsTransacted>1</IsTransacted>
      <IntroducedVersion>0.1.0.0</IntroducedVersion>
      <IsCustomizable>1</IsCustomizable>
      <FormId>{00000000-0000-0000-0000-000000000000}</FormId>
      <PrimaryEntity>none</PrimaryEntity>
      <LocalizedNames>
        <LocalizedName languagecode="1033" description="Ajax" />
      </LocalizedNames>
    </Workflow>
  </Workflows>
  <FieldSecurityProfiles></FieldSecurityProfiles>
  <Templates />
  <EntityMaps />
  <EntityRelationships />
  <OrganizationSettings />
  <optionsets />
  <WebResources>
    <WebResource>
      <WebResourceId>{b73b1622-003b-e911-a823-000d3a17c443}</WebResourceId>
      <Name>paz_/entities/Lead.webapi.js</Name>
      <DisplayName>paz_/entities/Lead.webapi.js</DisplayName>
      <Description>1.0.0.0</Description>
      <WebResourceType>3</WebResourceType>
      <IntroducedVersion>1.0</IntroducedVersion>
      <IsEnabledForMobileClient>0</IsEnabledForMobileClient>
      <IsAvailableForMobileOffline>0</IsAvailableForMobileOffline>
      <DependencyXml>&lt;Dependencies&gt;&lt;Dependency componentType="WebResource"&gt;&lt;Library name="paz_/lib/WebApiClient.js" displayName="paz_/lib/WebApiClient.js" languagecode="" description="1.0.0.0" libraryUniqueId="{ecad76c4-7268-4d45-ae13-eb52bbf87b8a}"/&gt;&lt;/Dependency&gt;&lt;/Dependencies&gt;</DependencyXml>
      <IsCustomizable>1</IsCustomizable>
      <CanBeDeleted>1</CanBeDeleted>
      <IsHidden>0</IsHidden>
      <FileName>/WebResources/paz_entitiesLeadwebapijsB73B1622-003B-E911-A823-000D3A17C443</FileName>
    </WebResource>
    <WebResource>
      <WebResourceId>{d6b90821-003b-e911-a82c-000d3a17c513}</WebResourceId>
      <Name>paz_/entities/Lead.form.js</Name>
      <DisplayName>paz_/entities/Lead.form.js</DisplayName>
      <Description>1.0.0.0</Description>
      <WebResourceType>3</WebResourceType>
      <IntroducedVersion>1.0</IntroducedVersion>
      <IsEnabledForMobileClient>0</IsEnabledForMobileClient>
      <IsAvailableForMobileOffline>0</IsAvailableForMobileOffline>
      <DependencyXml>&lt;Dependencies&gt;&lt;Dependency componentType="WebResource"&gt;&lt;Library name="paz_/resources/resource.1033.resx" displayName="paz_/resources/resource.1033.resx" languagecode="1033" description="1.0.0.0" libraryUniqueId="{ecaad5b9-d45d-4cf0-ae1e-af94c22b73ca}"/&gt;&lt;/Dependency&gt;&lt;/Dependencies&gt;</DependencyXml>
      <IsCustomizable>1</IsCustomizable>
      <CanBeDeleted>1</CanBeDeleted>
      <IsHidden>0</IsHidden>
      <FileName>/WebResources/paz_entitiesLeadformjsD6B90821-003B-E911-A82C-000D3A17C513</FileName>
    </WebResource>
    <WebResource>
      <WebResourceId>{71081426-003b-e911-a82b-000d3a17ce77}</WebResourceId>
      <Name>paz_/entities/Opportunity.form.js</Name>
      <DisplayName>paz_/entities/Opportunity.form.js</DisplayName>
      <Description>1.0.0.0</Description>
      <WebResourceType>3</WebResourceType>
      <IntroducedVersion>1.0</IntroducedVersion>
      <IsEnabledForMobileClient>0</IsEnabledForMobileClient>
      <IsAvailableForMobileOffline>0</IsAvailableForMobileOffline>
      <DependencyXml>&lt;Dependencies&gt;&lt;Dependency componentType="WebResource"&gt;&lt;Library name="paz_/resources/resource.1033.resx" displayName="paz_/resources/resource.1033.resx" languagecode="1033" description="1.0.0.0" libraryUniqueId="{ecaad5b9-d45d-4cf0-ae1e-af94c22b73ca}"/&gt;&lt;/Dependency&gt;&lt;/Dependencies&gt;</DependencyXml>
      <IsCustomizable>1</IsCustomizable>
      <CanBeDeleted>1</CanBeDeleted>
      <IsHidden>0</IsHidden>
      <FileName>/WebResources/paz_entitiesOpportunityformjs71081426-003B-E911-A82B-000D3A17CE77</FileName>
    </WebResource>
    <WebResource>
      <WebResourceId>{73081426-003b-e911-a82b-000d3a17ce77}</WebResourceId>
      <Name>paz_/lib/WebApiClient.js</Name>
      <DisplayName>paz_/lib/WebApiClient.js</DisplayName>
      <Description>1.0.0.0</Description>
      <WebResourceType>3</WebResourceType>
      <IntroducedVersion>1.0</IntroducedVersion>
      <IsEnabledForMobileClient>0</IsEnabledForMobileClient>
      <IsAvailableForMobileOffline>0</IsAvailableForMobileOffline>
      <IsCustomizable>1</IsCustomizable>
      <CanBeDeleted>1</CanBeDeleted>
      <IsHidden>0</IsHidden>
      <FileName>/WebResources/paz_libWebApiClientjs73081426-003B-E911-A82B-000D3A17CE77</FileName>
    </WebResource>
    <WebResource>
      <WebResourceId>{7920e62c-003b-e911-a82b-000d3a17ce77}</WebResourceId>
      <Name>paz_/resources/resource.1033.resx</Name>
      <DisplayName>paz_/resources/resource.1033.resx</DisplayName>
      <Description>1.0.0.0</Description>
      <LanguageCode>1033</LanguageCode>
      <WebResourceType>12</WebResourceType>
      <IntroducedVersion>1.0</IntroducedVersion>
      <IsEnabledForMobileClient>0</IsEnabledForMobileClient>
      <IsAvailableForMobileOffline>0</IsAvailableForMobileOffline>
      <IsCustomizable>1</IsCustomizable>
      <CanBeDeleted>1</CanBeDeleted>
      <IsHidden>0</IsHidden>
      <FileName>/WebResources/paz_resourcesresource1033resx7920E62C-003B-E911-A82B-000D3A17CE77</FileName>
    </WebResource>
    <WebResource>
      <WebResourceId>{1b3cf522-003b-e911-a834-000d3a192483}</WebResourceId>
      <Name>paz_/entities/Lead.js</Name>
      <DisplayName>paz_/entities/Lead.js</DisplayName>
      <Description>1.0.0.0</Description>
      <WebResourceType>3</WebResourceType>
      <IntroducedVersion>1.0</IntroducedVersion>
      <IsEnabledForMobileClient>0</IsEnabledForMobileClient>
      <IsAvailableForMobileOffline>0</IsAvailableForMobileOffline>
      <DependencyXml>&lt;Dependencies&gt;&lt;Dependency componentType="WebResource"&gt;&lt;Library name="paz_/entities/Lead.form.js" displayName="paz_/entities/Lead.form.js" languagecode="" description="1.0.0.0" libraryUniqueId="{a5020f9e-22ff-4072-b2c6-2d8b4ad0bdf6}"/&gt;&lt;Library name="paz_/entities/Lead.webapi.js" displayName="paz_/entities/Lead.webapi.js" languagecode="" description="1.0.0.0" libraryUniqueId="{c8363c28-d8cd-4a3c-9c71-5588e68f3e6f}"/&gt;&lt;/Dependency&gt;&lt;/Dependencies&gt;</DependencyXml>
      <IsCustomizable>1</IsCustomizable>
      <CanBeDeleted>1</CanBeDeleted>
      <IsHidden>0</IsHidden>
      <FileName>/WebResources/paz_entitiesLeadjs1B3CF522-003B-E911-A834-000D3A192483</FileName>
    </WebResource>
    <WebResource>
      <WebResourceId>{1d3cf522-003b-e911-a834-000d3a192483}</WebResourceId>
      <Name>paz_/entities/Opportunity.js</Name>
      <DisplayName>paz_/entities/Opportunity.js</DisplayName>
      <Description>1.0.0.0</Description>
      <WebResourceType>3</WebResourceType>
      <IntroducedVersion>1.0</IntroducedVersion>
      <IsEnabledForMobileClient>0</IsEnabledForMobileClient>
      <IsAvailableForMobileOffline>0</IsAvailableForMobileOffline>
      <DependencyXml>&lt;Dependencies&gt;&lt;Dependency componentType="WebResource"&gt;&lt;Library name="paz_/entities/Opportunity.form.js" displayName="paz_/entities/Opportunity.form.js" languagecode="" description="1.0.0.0" libraryUniqueId="{83588ee3-483c-49a0-92a4-e284c8f2b026}"/&gt;&lt;Library name="paz_/entities/Opportunity.webapi.js" displayName="paz_/entities/Opportunity.webapi.js" languagecode="" description="1.0.0.0" libraryUniqueId="{6a2a2a0f-1a21-45d3-a675-8566e591fdb7}"/&gt;&lt;/Dependency&gt;&lt;/Dependencies&gt;</DependencyXml>
      <IsCustomizable>1</IsCustomizable>
      <CanBeDeleted>1</CanBeDeleted>
      <IsHidden>0</IsHidden>
      <FileName>/WebResources/paz_entitiesOpportunityjs1D3CF522-003B-E911-A834-000D3A192483</FileName>
    </WebResource>
    <WebResource>
      <WebResourceId>{c0972529-003b-e911-a834-000d3a192483}</WebResourceId>
      <Name>paz_/entities/Opportunity.webapi.js</Name>
      <DisplayName>paz_/entities/Opportunity.webapi.js</DisplayName>
      <Description>1.0.0.0</Description>
      <WebResourceType>3</WebResourceType>
      <IntroducedVersion>1.0</IntroducedVersion>
      <IsEnabledForMobileClient>0</IsEnabledForMobileClient>
      <IsAvailableForMobileOffline>0</IsAvailableForMobileOffline>
      <DependencyXml>&lt;Dependencies&gt;&lt;Dependency componentType="WebResource"&gt;&lt;Library name="paz_/lib/WebApiClient.js" displayName="paz_/lib/WebApiClient.js" languagecode="" description="1.0.0.0" libraryUniqueId="{ecad76c4-7268-4d45-ae13-eb52bbf87b8a}"/&gt;&lt;/Dependency&gt;&lt;/Dependencies&gt;</DependencyXml>
      <IsCustomizable>1</IsCustomizable>
      <CanBeDeleted>1</CanBeDeleted>
      <IsHidden>0</IsHidden>
      <FileName>/WebResources/paz_entitiesOpportunitywebapijsC0972529-003B-E911-A834-000D3A192483</FileName>
    </WebResource>
  </WebResources>
  <CustomControls />
  <SolutionPluginAssemblies>
    <PluginAssembly FullName="Paz.LuckeyMonkey.CustomAction, Version=1.0.0.0, Culture=en, PublicKeyToken=cd90d0996a785c10" PluginAssemblyId="0239a543-f83a-e911-a82b-000d3a17ce77" CustomizationLevel="1">
      <IsolationMode>2</IsolationMode>
      <SourceType>0</SourceType>
      <IntroducedVersion>1.0</IntroducedVersion>
      <FileName>/PluginAssemblies/PazLuckeyMonkeyCustomAction-0239A543-F83A-E911-A82B-000D3A17CE77/PazLuckeyMonkeyCustomAction.dll</FileName>
      <PluginTypes>
        <PluginType AssemblyQualifiedName="Paz.LuckeyMonkey.CustomAction.PostNonepaz_AjaxSynchronous, Paz.LuckeyMonkey.CustomAction, Version=1.0.0.0, Culture=en, PublicKeyToken=cd90d0996a785c10" PluginTypeId="5a7dd545-f83a-e911-a823-000d3a17c443" Name="Paz.LuckeyMonkey.CustomAction.PostNonepaz_AjaxSynchronous">
          <FriendlyName>Paz.LuckeyMonkey.CustomAction.PostNonepaz_AjaxSynchronous</FriendlyName>
        </PluginType>
      </PluginTypes>
    </PluginAssembly>
    <PluginAssembly FullName="Paz.LuckeyMonkey.Plugin.Account, Version=1.0.0.0, Culture=en, PublicKeyToken=8a7d5e3a2612a23d" PluginAssemblyId="268b2631-fb3a-e911-a830-000d3a19c80e" CustomizationLevel="1">
      <IsolationMode>2</IsolationMode>
      <SourceType>0</SourceType>
      <IntroducedVersion>1.0</IntroducedVersion>
      <FileName>/PluginAssemblies/PazLuckeyMonkeyPluginAccount-268B2631-FB3A-E911-A830-000D3A19C80E/PazLuckeyMonkeyPluginAccount.dll</FileName>
      <PluginTypes>
        <PluginType AssemblyQualifiedName="Paz.LuckeyMonkey.PluginAccount.PreAccountCreateSynchronous, Paz.LuckeyMonkey.Plugin.Account, Version=1.0.0.0, Culture=en, PublicKeyToken=8a7d5e3a2612a23d" PluginTypeId="e4ef4535-fb3a-e911-a81f-000d3a17c02e" Name="Paz.LuckeyMonkey.PluginAccount.PreAccountCreateSynchronous">
          <FriendlyName>Paz.LuckeyMonkey.PluginAccount.PreAccountCreateSynchronous</FriendlyName>
        </PluginType>
      </PluginTypes>
    </PluginAssembly>
    <PluginAssembly FullName="Paz.LuckeyMonkey.Plugin.Lead, Version=1.0.0.0, Culture=en, PublicKeyToken=8a7d5e3a2612a23d" PluginAssemblyId="cbda6cef-fb3a-e911-a834-000d3a192483" CustomizationLevel="1">
      <IsolationMode>2</IsolationMode>
      <SourceType>0</SourceType>
      <IntroducedVersion>1.0</IntroducedVersion>
      <FileName>/PluginAssemblies/PazLuckeyMonkeyPluginLead-CBDA6CEF-FB3A-E911-A834-000D3A192483/PazLuckeyMonkeyPluginLead.dll</FileName>
      <PluginTypes>
        <PluginType AssemblyQualifiedName="Paz.LuckeyMonkey.PluginLead.PreLeadCreateSynchronous, Paz.LuckeyMonkey.Plugin.Lead, Version=1.0.0.0, Culture=en, PublicKeyToken=8a7d5e3a2612a23d" PluginTypeId="ae3b5ced-fb3a-e911-a82b-000d3a17ce77" Name="Paz.LuckeyMonkey.PluginLead.PreLeadCreateSynchronous">
          <FriendlyName>Paz.LuckeyMonkey.PluginLead.PreLeadCreateSynchronous</FriendlyName>
        </PluginType>
      </PluginTypes>
    </PluginAssembly>
  </SolutionPluginAssemblies>
  <SdkMessageProcessingSteps>
    <SdkMessageProcessingStep Name="Paz.LuckeyMonkey.CustomAction.None.PostNonepaz_AjaxSynchronous" SdkMessageProcessingStepId="{8140ba44-f83a-e911-a82c-000d3a17c513}">
      <PluginTypeName>Paz.LuckeyMonkey.CustomAction.PostNonepaz_AjaxSynchronous, Paz.LuckeyMonkey.CustomAction, Version=1.0.0.0, Culture=en, PublicKeyToken=cd90d0996a785c10</PluginTypeName>
      <PluginTypeId>5a7dd545-f83a-e911-a823-000d3a17c443</PluginTypeId>
      <AsyncAutoDelete>0</AsyncAutoDelete>
      <FilteringAttributes></FilteringAttributes>
      <InvocationSource>0</InvocationSource>
      <Mode>0</Mode>
      <Rank>1</Rank>
      <SdkMessageId>{81348211-9a3a-e911-a82c-000d3a17c513}</SdkMessageId>
      <EventHandlerTypeCode>4602</EventHandlerTypeCode>
      <Stage>40</Stage>
      <IsCustomizable>1</IsCustomizable>
      <IsHidden>0</IsHidden>
      <SupportedDeployment>0</SupportedDeployment>
      <IntroducedVersion>1.0</IntroducedVersion>
      <SdkMessageProcessingStepImages />
    </SdkMessageProcessingStep>
    <SdkMessageProcessingStep Name="Paz.LuckeyMonkey.PluginAccount.PreAccountCreateSynchronous" SdkMessageProcessingStepId="{80c0b037-fb3a-e911-a823-000d3a17c443}">
      <PluginTypeName>Paz.LuckeyMonkey.PluginAccount.PreAccountCreateSynchronous, Paz.LuckeyMonkey.Plugin.Account, Version=1.0.0.0, Culture=en, PublicKeyToken=8a7d5e3a2612a23d</PluginTypeName>
      <PluginTypeId>e4ef4535-fb3a-e911-a81f-000d3a17c02e</PluginTypeId>
      <PrimaryEntity>account</PrimaryEntity>
      <AsyncAutoDelete>0</AsyncAutoDelete>
      <FilteringAttributes></FilteringAttributes>
      <InvocationSource>1</InvocationSource>
      <Mode>0</Mode>
      <Rank>1</Rank>
      <SdkMessageId>{9ebdbb1b-ea3e-db11-86a7-000a3a5473e8}</SdkMessageId>
      <EventHandlerTypeCode>4602</EventHandlerTypeCode>
      <Stage>20</Stage>
      <IsCustomizable>1</IsCustomizable>
      <IsHidden>0</IsHidden>
      <SupportedDeployment>0</SupportedDeployment>
      <IntroducedVersion>1.0</IntroducedVersion>
      <SdkMessageProcessingStepImages />
    </SdkMessageProcessingStep>
    <SdkMessageProcessingStep Name="Paz.LuckeyMonkey.PluginLead.PreLeadCreateSynchronous" SdkMessageProcessingStepId="{d17877ee-fb3a-e911-a830-000d3a19c80e}">
      <PluginTypeName>Paz.LuckeyMonkey.PluginLead.PreLeadCreateSynchronous, Paz.LuckeyMonkey.Plugin.Lead, Version=1.0.0.0, Culture=en, PublicKeyToken=8a7d5e3a2612a23d</PluginTypeName>
      <PluginTypeId>ae3b5ced-fb3a-e911-a82b-000d3a17ce77</PluginTypeId>
      <PrimaryEntity>lead</PrimaryEntity>
      <AsyncAutoDelete>0</AsyncAutoDelete>
      <FilteringAttributes></FilteringAttributes>
      <InvocationSource>1</InvocationSource>
      <Mode>0</Mode>
      <Rank>1</Rank>
      <SdkMessageId>{9ebdbb1b-ea3e-db11-86a7-000a3a5473e8}</SdkMessageId>
      <EventHandlerTypeCode>4602</EventHandlerTypeCode>
      <Stage>20</Stage>
      <IsCustomizable>1</IsCustomizable>
      <IsHidden>0</IsHidden>
      <SupportedDeployment>0</SupportedDeployment>
      <IntroducedVersion>1.0</IntroducedVersion>
      <SdkMessageProcessingStepImages />
    </SdkMessageProcessingStep>
  </SdkMessageProcessingSteps>
  <EntityDataProviders />
  <Languages>
    <Language>1033</Language>
  </Languages>
</ImportExportXml>