<ImportExportXml xmlns:xsi="http://www.w3.org/2001/XMLSchema-instance">
  <Entities>
    <Entity>
      <Name LocalizedName="Account" OriginalName="">Account</Name>
      <EntityInfo>
        <entity Name="Account">
          <attributes>
            <attribute PhysicalName="paz_Field1">
              <Type>nvarchar</Type>
              <Name>paz_field1</Name>
              <LogicalName>paz_field1</LogicalName>
              <RequiredLevel>none</RequiredLevel>
              <DisplayMask>ValidForAdvancedFind|ValidForForm|ValidForGrid</DisplayMask>
              <ImeMode>auto</ImeMode>
              <ValidForUpdateApi>1</ValidForUpdateApi>
              <ValidForReadApi>1</ValidForReadApi>
              <ValidForCreateApi>1</ValidForCreateApi>
              <IsCustomField>1</IsCustomField>
              <IsAuditEnabled>1</IsAuditEnabled>
              <IsSecured>0</IsSecured>
              <IntroducedVersion>0.1.0.0</IntroducedVersion>
              <IsCustomizable>1</IsCustomizable>
              <IsRenameable>1</IsRenameable>
              <CanModifySearchSettings>1</CanModifySearchSettings>
              <CanModifyRequirementLevelSettings>1</CanModifyRequirementLevelSettings>
              <CanModifyAdditionalSettings>1</CanModifyAdditionalSettings>
              <SourceType>0</SourceType>
              <IsGlobalFilterEnabled>0</IsGlobalFilterEnabled>
              <IsSortableEnabled>0</IsSortableEnabled>
              <CanModifyGlobalFilterSettings>1</CanModifyGlobalFilterSettings>
              <CanModifyIsSortableSettings>1</CanModifyIsSortableSettings>
              <IsDataSourceSecret>0</IsDataSourceSecret>
              <AutoNumberFormat></AutoNumberFormat>
              <Format>text</Format>
              <MaxLength>100</MaxLength>
              <Length>200</Length>
              <displaynames>
                <displayname description="Field1" languagecode="1033" />
              </displaynames>
              <Descriptions>
                <Description description="" languagecode="1033" />
              </Descriptions>
            </attribute>
            <attribute PhysicalName="paz_Field2">
              <Type>nvarchar</Type>
              <Name>paz_field2</Name>
              <LogicalName>paz_field2</LogicalName>
              <RequiredLevel>none</RequiredLevel>
              <DisplayMask>ValidForAdvancedFind|ValidForForm|ValidForGrid</DisplayMask>
              <ImeMode>auto</ImeMode>
              <ValidForUpdateApi>1</ValidForUpdateApi>
              <ValidForReadApi>1</ValidForReadApi>
              <ValidForCreateApi>1</ValidForCreateApi>
              <IsCustomField>1</IsCustomField>
              <IsAuditEnabled>1</IsAuditEnabled>
              <IsSecured>0</IsSecured>
              <IntroducedVersion>0.1.0.0</IntroducedVersion>
              <IsCustomizable>1</IsCustomizable>
              <IsRenameable>1</IsRenameable>
              <CanModifySearchSettings>1</CanModifySearchSettings>
              <CanModifyRequirementLevelSettings>1</CanModifyRequirementLevelSettings>
              <CanModifyAdditionalSettings>1</CanModifyAdditionalSettings>
              <SourceType>0</SourceType>
              <IsGlobalFilterEnabled>0</IsGlobalFilterEnabled>
              <IsSortableEnabled>0</IsSortableEnabled>
              <CanModifyGlobalFilterSettings>1</CanModifyGlobalFilterSettings>
              <CanModifyIsSortableSettings>1</CanModifyIsSortableSettings>
              <IsDataSourceSecret>0</IsDataSourceSecret>
              <AutoNumberFormat></AutoNumberFormat>
              <Format>text</Format>
              <MaxLength>100</MaxLength>
              <Length>200</Length>
              <displaynames>
                <displayname description="Field2" languagecode="1033" />
              </displaynames>
              <Descriptions>
                <Description description="" languagecode="1033" />
              </Descriptions>
            </attribute>
            <attribute PhysicalName="paz_Field3">
              <Type>nvarchar</Type>
              <Name>paz_field3</Name>
              <LogicalName>paz_field3</LogicalName>
              <RequiredLevel>none</RequiredLevel>
              <DisplayMask>ValidForAdvancedFind|ValidForForm|ValidForGrid</DisplayMask>
              <ImeMode>auto</ImeMode>
              <ValidForUpdateApi>1</ValidForUpdateApi>
              <ValidForReadApi>1</ValidForReadApi>
              <ValidForCreateApi>1</ValidForCreateApi>
              <IsCustomField>1</IsCustomField>
              <IsAuditEnabled>1</IsAuditEnabled>
              <IsSecured>0</IsSecured>
              <IntroducedVersion>0.1.0.0</IntroducedVersion>
              <IsCustomizable>1</IsCustomizable>
              <IsRenameable>1</IsRenameable>
              <CanModifySearchSettings>1</CanModifySearchSettings>
              <CanModifyRequirementLevelSettings>1</CanModifyRequirementLevelSettings>
              <CanModifyAdditionalSettings>1</CanModifyAdditionalSettings>
              <SourceType>0</SourceType>
              <IsGlobalFilterEnabled>0</IsGlobalFilterEnabled>
              <IsSortableEnabled>0</IsSortableEnabled>
              <CanModifyGlobalFilterSettings>1</CanModifyGlobalFilterSettings>
              <CanModifyIsSortableSettings>1</CanModifyIsSortableSettings>
              <IsDataSourceSecret>0</IsDataSourceSecret>
              <AutoNumberFormat></AutoNumberFormat>
              <Format>text</Format>
              <MaxLength>100</MaxLength>
              <Length>200</Length>
              <displaynames>
                <displayname description="Field3" languagecode="1033" />
              </displaynames>
              <Descriptions>
                <Description description="" languagecode="1033" />
              </Descriptions>
            </attribute>
            <attribute PhysicalName="paz_RatingCode">
              <Type>picklist</Type>
              <Name>paz_ratingcode</Name>
              <LogicalName>paz_ratingcode</LogicalName>
              <RequiredLevel>none</RequiredLevel>
              <DisplayMask>ValidForAdvancedFind|ValidForForm|ValidForGrid</DisplayMask>
              <ImeMode>auto</ImeMode>
              <ValidForUpdateApi>1</ValidForUpdateApi>
              <ValidForReadApi>1</ValidForReadApi>
              <ValidForCreateApi>1</ValidForCreateApi>
              <IsCustomField>1</IsCustomField>
              <IsAuditEnabled>1</IsAuditEnabled>
              <IsSecured>0</IsSecured>
              <IntroducedVersion>0.1.0.0</IntroducedVersion>
              <IsCustomizable>1</IsCustomizable>
              <IsRenameable>1</IsRenameable>
              <CanModifySearchSettings>1</CanModifySearchSettings>
              <CanModifyRequirementLevelSettings>1</CanModifyRequirementLevelSettings>
              <CanModifyAdditionalSettings>1</CanModifyAdditionalSettings>
              <SourceType>0</SourceType>
              <IsGlobalFilterEnabled>0</IsGlobalFilterEnabled>
              <IsSortableEnabled>0</IsSortableEnabled>
              <CanModifyGlobalFilterSettings>1</CanModifyGlobalFilterSettings>
              <CanModifyIsSortableSettings>1</CanModifyIsSortableSettings>
              <IsDataSourceSecret>0</IsDataSourceSecret>
              <AutoNumberFormat></AutoNumberFormat>
              <AppDefaultValue>-1</AppDefaultValue>
              <OptionSetName>paz_ratingcode</OptionSetName>
              <displaynames>
                <displayname description="Rating" languagecode="1033" />
              </displaynames>
              <Descriptions>
                <Description description="" languagecode="1033" />
              </Descriptions>
            </attribute>
          </attributes>
        </entity>
      </EntityInfo>
      <RibbonDiffXml>
        <CustomActions />
        <Templates>
          <RibbonTemplates Id="Mscrm.Templates"></RibbonTemplates>
        </Templates>
        <CommandDefinitions />
        <RuleDefinitions>
          <TabDisplayRules />
          <DisplayRules />
          <EnableRules />
        </RuleDefinitions>
        <LocLabels />
      </RibbonDiffXml>
    </Entity>
    <Entity>
      <Name LocalizedName="Lead" OriginalName="Lead">Lead</Name>
      <EntityInfo>
        <entity Name="Lead">
          <attributes>
            <attribute PhysicalName="paz_Field1">
              <Type>nvarchar</Type>
              <Name>paz_field1</Name>
              <LogicalName>paz_field1</LogicalName>
              <RequiredLevel>none</RequiredLevel>
              <DisplayMask>ValidForAdvancedFind|ValidForForm|ValidForGrid</DisplayMask>
              <ImeMode>auto</ImeMode>
              <ValidForUpdateApi>1</ValidForUpdateApi>
              <ValidForReadApi>1</ValidForReadApi>
              <ValidForCreateApi>1</ValidForCreateApi>
              <IsCustomField>1</IsCustomField>
              <IsAuditEnabled>1</IsAuditEnabled>
              <IsSecured>0</IsSecured>
              <IntroducedVersion>0.1.0.0</IntroducedVersion>
              <IsCustomizable>1</IsCustomizable>
              <IsRenameable>1</IsRenameable>
              <CanModifySearchSettings>1</CanModifySearchSettings>
              <CanModifyRequirementLevelSettings>1</CanModifyRequirementLevelSettings>
              <CanModifyAdditionalSettings>1</CanModifyAdditionalSettings>
              <SourceType>0</SourceType>
              <IsGlobalFilterEnabled>0</IsGlobalFilterEnabled>
              <IsSortableEnabled>0</IsSortableEnabled>
              <CanModifyGlobalFilterSettings>1</CanModifyGlobalFilterSettings>
              <CanModifyIsSortableSettings>1</CanModifyIsSortableSettings>
              <IsDataSourceSecret>0</IsDataSourceSecret>
              <AutoNumberFormat></AutoNumberFormat>
              <Format>text</Format>
              <MaxLength>100</MaxLength>
              <Length>200</Length>
              <displaynames>
                <displayname description="Field1" languagecode="1033" />
              </displaynames>
              <Descriptions>
                <Description description="" languagecode="1033" />
              </Descriptions>
            </attribute>
            <attribute PhysicalName="paz_Field2">
              <Type>nvarchar</Type>
              <Name>paz_field2</Name>
              <LogicalName>paz_field2</LogicalName>
              <RequiredLevel>none</RequiredLevel>
              <DisplayMask>ValidForAdvancedFind|ValidForForm|ValidForGrid</DisplayMask>
              <ImeMode>auto</ImeMode>
              <ValidForUpdateApi>1</ValidForUpdateApi>
              <ValidForReadApi>1</ValidForReadApi>
              <ValidForCreateApi>1</ValidForCreateApi>
              <IsCustomField>1</IsCustomField>
              <IsAuditEnabled>1</IsAuditEnabled>
              <IsSecured>0</IsSecured>
              <IntroducedVersion>0.1.0.0</IntroducedVersion>
              <IsCustomizable>1</IsCustomizable>
              <IsRenameable>1</IsRenameable>
              <CanModifySearchSettings>1</CanModifySearchSettings>
              <CanModifyRequirementLevelSettings>1</CanModifyRequirementLevelSettings>
              <CanModifyAdditionalSettings>1</CanModifyAdditionalSettings>
              <SourceType>0</SourceType>
              <IsGlobalFilterEnabled>0</IsGlobalFilterEnabled>
              <IsSortableEnabled>0</IsSortableEnabled>
              <CanModifyGlobalFilterSettings>1</CanModifyGlobalFilterSettings>
              <CanModifyIsSortableSettings>1</CanModifyIsSortableSettings>
              <IsDataSourceSecret>0</IsDataSourceSecret>
              <AutoNumberFormat></AutoNumberFormat>
              <Format>text</Format>
              <MaxLength>100</MaxLength>
              <Length>200</Length>
              <displaynames>
                <displayname description="Field2" languagecode="1033" />
              </displaynames>
              <Descriptions>
                <Description description="" languagecode="1033" />
              </Descriptions>
            </attribute>
            <attribute PhysicalName="paz_Field3">
              <Type>nvarchar</Type>
              <Name>paz_field3</Name>
              <LogicalName>paz_field3</LogicalName>
              <RequiredLevel>none</RequiredLevel>
              <DisplayMask>ValidForAdvancedFind|ValidForForm|ValidForGrid</DisplayMask>
              <ImeMode>auto</ImeMode>
              <ValidForUpdateApi>1</ValidForUpdateApi>
              <ValidForReadApi>1</ValidForReadApi>
              <ValidForCreateApi>1</ValidForCreateApi>
              <IsCustomField>1</IsCustomField>
              <IsAuditEnabled>1</IsAuditEnabled>
              <IsSecured>0</IsSecured>
              <IntroducedVersion>0.1.0.0</IntroducedVersion>
              <IsCustomizable>1</IsCustomizable>
              <IsRenameable>1</IsRenameable>
              <CanModifySearchSettings>1</CanModifySearchSettings>
              <CanModifyRequirementLevelSettings>1</CanModifyRequirementLevelSettings>
              <CanModifyAdditionalSettings>1</CanModifyAdditionalSettings>
              <SourceType>0</SourceType>
              <IsGlobalFilterEnabled>0</IsGlobalFilterEnabled>
              <IsSortableEnabled>0</IsSortableEnabled>
              <CanModifyGlobalFilterSettings>1</CanModifyGlobalFilterSettings>
              <CanModifyIsSortableSettings>1</CanModifyIsSortableSettings>
              <IsDataSourceSecret>0</IsDataSourceSecret>
              <AutoNumberFormat></AutoNumberFormat>
              <Format>text</Format>
              <MaxLength>100</MaxLength>
              <Length>200</Length>
              <displaynames>
                <displayname description="Field3" languagecode="1033" />
              </displaynames>
              <Descriptions>
                <Description description="" languagecode="1033" />
              </Descriptions>
            </attribute>
          </attributes>
        </entity>
      </EntityInfo>
      <RibbonDiffXml>
        <CustomActions />
        <Templates>
          <RibbonTemplates Id="Mscrm.Templates"></RibbonTemplates>
        </Templates>
        <CommandDefinitions />
        <RuleDefinitions>
          <TabDisplayRules />
          <DisplayRules />
          <EnableRules />
        </RuleDefinitions>
        <LocLabels />
      </RibbonDiffXml>
    </Entity>
    <Entity>
      <Name LocalizedName="Opportunity" OriginalName="Opportunity">Opportunity</Name>
      <FormXml>
        <forms type="main">
          <systemform>
            <formid>{a837e4a7-01b8-4f82-a475-be9abd67e667}</formid>
            <IntroducedVersion>5.0.0.0</IntroducedVersion>
            <FormPresentation>1</FormPresentation>
            <FormActivationState>1</FormActivationState>
            <form shownavigationbar="true" showImage="false" maxWidth="1900">
              <tabs>
                <tab name="Product_Line_Items" verticallayout="true" id="{79548060-31f7-4646-8c08-0296ecd4113b}" visible="true" expanded="true" IsUserDefined="0" ordinalvalue="3">
                  <columns>
                    <column width="100%" id="0">
                      <sections>
                        <section name="opportunityproducts" showlabel="false" showbar="false" id="{2b1ed7f7-3ebb-42f3-809f-94eba9f94fb2}" height="auto" IsUserDefined="0" layout="varheight" columns="11" ordinalvalue="0">
                          <rows />
                        </section>
                      </sections>
                    </column>
                  </columns>
                </tab>
                <tab name="QUOTES" verticallayout="true" id="{af8380da-5492-4a69-8a36-b1beff121e95}" IsUserDefined="0" locklevel="0" showlabel="true" expanded="true" ordinalvalue="5">
                  <columns>
                    <column width="100%" id="0">
                      <sections>
                        <section name="opportunityquotes" showlabel="false" showbar="false" id="{40e2e47e-716a-4fe8-9fc0-e0341303c7a3}" height="auto" IsUserDefined="0" layout="varheight" columns="11" ordinalvalue="0">
                          <rows />
                        </section>
                      </sections>
                    </column>
                  </columns>
                </tab>
                <tab id="{a9dd8610-71e3-4fe3-93d6-cee419cd614d}" name="Partner_Details" showlabel="true" locklevel="0" expanded="true" IsUserDefined="0" verticallayout="true" labelid="{50c5b0e8-32d6-1a97-3cb1-b76596adca77}" ordinalvalue="6">
                  <columns>
                    <column width="100%" id="0">
                      <sections>
                        <section id="{4078013e-a827-4bec-bd46-97340b1e0785}" name="internal_information" showlabel="false" IsUserDefined="0" showbar="false" labelid="{2406d7a0-c952-ccc1-7c41-d428cd8123e3}" columns="11" locklevel="0" labelwidth="130" celllabelalignment="Left" celllabelposition="Left" ordinalvalue="3" solutionaction="Modified" />
                      </sections>
                    </column>
                  </columns>
                </tab>
                <tab name="FieldService" id="{9b4c804b-e760-8e4b-ac62-e05b1313beeb}" IsUserDefined="0" locklevel="0" showlabel="true" expanded="true" ordinalvalue="7">
                  <columns>
                    <column width="50%" id="1">
                      <sections>
                        <section name="tab_4_section_2" showlabel="false" showbar="false" locklevel="0" id="{d6c34771-dc4c-0741-64a2-219901375436}" IsUserDefined="0" layout="varwidth" columns="1" labelwidth="115" ordinalvalue="0">
                          <rows>
                            <row>
                              <cell id="{91cea453-5d4e-4116-9019-ef75a34619bd}" ordinalvalue="10000" solutionaction="Added">
                                <labels>
                                  <label description="" languagecode="1033" />
                                </labels>
                              </cell>
                            </row>
                          </rows>
                        </section>
                      </sections>
                    </column>
                  </columns>
                </tab>
              </tabs>
              <Navigation>
                <NavBar />
              </Navigation>
            </form>
            <LocalizedNames>
              <LocalizedName description="Opportunity" languagecode="1033" />
            </LocalizedNames>
            <Descriptions>
              <Description description="Updated default Opportunity form" languagecode="1033" />
            </Descriptions>
          </systemform>
        </forms>
      </FormXml>
      <RibbonDiffXml>
        <CustomActions />
        <Templates>
          <RibbonTemplates Id="Mscrm.Templates"></RibbonTemplates>
        </Templates>
        <CommandDefinitions />
        <RuleDefinitions>
          <TabDisplayRules />
          <DisplayRules />
          <EnableRules />
        </RuleDefinitions>
        <LocLabels />
      </RibbonDiffXml>
      <CustomControlDefaultConfigs>
        <CustomControlDefaultConfig>
          <CustomControlDefaultConfigId>{fff99d18-50e0-41ad-93af-05fb5e6c1f42}</CustomControlDefaultConfigId>
          <ControlDescriptionXML><controlDescriptions><controlDescription><customControl id="{E7A81278-8635-4d9e-8D4D-59480B391C5B}" formFactor="0"><parameters /></customControl><customControl id="{E7A81278-8635-4d9e-8D4D-59480B391C5B}" formFactor="1"><parameters /></customControl><customControl id="{E7A81278-8635-4d9e-8D4D-59480B391C5B}" formFactor="2"><parameters /></customControl><customControl name="MscrmControls.Calendar.CalendarControl" formFactor="-1"><parameters><data-set name="Calendar"><StartDate>estimatedclosedate</StartDate><Description>name</Description><EndDate>estimatedclosedate</EndDate></data-set><DisplayMode static="true" type="Enum">anchoredwithhoursofthedaytimeline</DisplayMode><MinimumDuration static="true" type="Whole.Duration">30</MinimumDuration><ColorFallbackBehavior static="true" type="Enum">colorfromentity</ColorFallbackBehavior></parameters></customControl></controlDescription></controlDescriptions></ControlDescriptionXML>
          <IntroducedVersion>8.0.0000.1088</IntroducedVersion>
        </CustomControlDefaultConfig>
      </CustomControlDefaultConfigs>
    </Entity>
  </Entities>
  <Roles></Roles>
  <Workflows>
    <Workflow WorkflowId="{33e117cc-79d5-4258-88c4-8d2e44db28b3}" Name="Ajax">
      <XamlFileName>/Workflows/Ajax-33E117CC-79D5-4258-88C4-8D2E44DB28B3.xaml</XamlFileName>
      <Type>1</Type>
      <Subprocess>0</Subprocess>
      <Category>3</Category>
      <Mode>0</Mode>
      <Scope>4</Scope>
      <OnDemand>0</OnDemand>
      <TriggerOnCreate>0</TriggerOnCreate>
      <TriggerOnDelete>0</TriggerOnDelete>
      <AsyncAutodelete>0</AsyncAutodelete>
      <SyncWorkflowLogOnFailure>1</SyncWorkflowLogOnFailure>
      <StateCode>1</StateCode>
      <StatusCode>2</StatusCode>
      <CreateStage>40</CreateStage>
      <RunAs>1</RunAs>
      <SdkMessageId>{c7623968-b652-e911-a988-000d3aa0f6ca}</SdkMessageId>
      <UniqueName>Ajax</UniqueName>
      <IsTransacted>1</IsTransacted>
      <IntroducedVersion>0.1.0.0</IntroducedVersion>
      <IsCustomizable>1</IsCustomizable>
      <FormId>{00000000-0000-0000-0000-000000000000}</FormId>
      <PrimaryEntity>none</PrimaryEntity>
      <LocalizedNames>
        <LocalizedName languagecode="1033" description="Ajax" />
      </LocalizedNames>
    </Workflow>
  </Workflows>
  <FieldSecurityProfiles></FieldSecurityProfiles>
  <Templates />
  <EntityMaps />
  <EntityRelationships />
  <OrganizationSettings />
  <optionsets>
    <optionset Name="paz_ratingcode" localizedName="Rating">
      <OptionSetType>picklist</OptionSetType>
      <IsGlobal>1</IsGlobal>
      <IntroducedVersion>0.1.0.0</IntroducedVersion>
      <IsCustomizable>1</IsCustomizable>
      <ExternalTypeName></ExternalTypeName>
      <displaynames>
        <displayname description="Rating" languagecode="1033" />
      </displaynames>
      <Descriptions>
        <Description description="" languagecode="1033" />
      </Descriptions>
      <options>
        <option value="500000000" ExternalValue="" Color="#0000ff">
          <labels>
            <label description="1*" languagecode="1033" />
          </labels>
          <Descriptions>
            <Description description="" languagecode="1033" />
          </Descriptions>
        </option>
        <option value="500000001" ExternalValue="" Color="#0000ff">
          <labels>
            <label description="2*" languagecode="1033" />
          </labels>
          <Descriptions>
            <Description description="" languagecode="1033" />
          </Descriptions>
        </option>
        <option value="500000002" ExternalValue="" Color="#0000ff">
          <labels>
            <label description="3*" languagecode="1033" />
          </labels>
          <Descriptions>
            <Description description="" languagecode="1033" />
          </Descriptions>
        </option>
      </options>
    </optionset>
  </optionsets>
  <WebResources>
    <WebResource>
      <WebResourceId>{f261972d-cb52-e911-a989-000d3aa0f171}</WebResourceId>
      <Name>paz_/entities/Lead.form.js</Name>
      <DisplayName>paz_/entities/Lead.form.js</DisplayName>
      <Description>1.0.0.0</Description>
      <WebResourceType>3</WebResourceType>
      <IntroducedVersion>1.0</IntroducedVersion>
      <IsEnabledForMobileClient>0</IsEnabledForMobileClient>
      <IsAvailableForMobileOffline>0</IsAvailableForMobileOffline>
      <IsCustomizable>1</IsCustomizable>
      <CanBeDeleted>1</CanBeDeleted>
      <IsHidden>0</IsHidden>
      <FileName>/WebResources/paz_entitiesLeadformjsF261972D-CB52-E911-A989-000D3AA0F171</FileName>
    </WebResource>
    <WebResource>
      <WebResourceId>{f561972d-cb52-e911-a989-000d3aa0f171}</WebResourceId>
      <Name>paz_/entities/Opportunity.form.js</Name>
      <DisplayName>paz_/entities/Opportunity.form.js</DisplayName>
      <Description>1.0.0.0</Description>
      <WebResourceType>3</WebResourceType>
      <IntroducedVersion>1.0</IntroducedVersion>
      <IsEnabledForMobileClient>0</IsEnabledForMobileClient>
      <IsAvailableForMobileOffline>0</IsAvailableForMobileOffline>
      <IsCustomizable>1</IsCustomizable>
      <CanBeDeleted>1</CanBeDeleted>
      <IsHidden>0</IsHidden>
      <FileName>/WebResources/paz_entitiesOpportunityformjsF561972D-CB52-E911-A989-000D3AA0F171</FileName>
    </WebResource>
    <WebResource>
      <WebResourceId>{f761972d-cb52-e911-a989-000d3aa0f171}</WebResourceId>
      <Name>paz_/resources/Resource.1033.resx</Name>
      <DisplayName>paz_/resources/Resource.1033.resx</DisplayName>
      <Description>1.0.0.0</Description>
      <LanguageCode>1033</LanguageCode>
      <WebResourceType>12</WebResourceType>
      <IntroducedVersion>1.0</IntroducedVersion>
      <IsEnabledForMobileClient>0</IsEnabledForMobileClient>
      <IsAvailableForMobileOffline>0</IsAvailableForMobileOffline>
      <IsCustomizable>1</IsCustomizable>
      <CanBeDeleted>1</CanBeDeleted>
      <IsHidden>0</IsHidden>
      <FileName>/WebResources/paz_resourcesResource1033resxF761972D-CB52-E911-A989-000D3AA0F171</FileName>
    </WebResource>
    <WebResource>
      <WebResourceId>{8b425530-cb52-e911-a989-000d3aa0f3aa}</WebResourceId>
      <Name>paz_/lib/WebApiClient.js</Name>
      <DisplayName>paz_/lib/WebApiClient.js</DisplayName>
      <Description>1.0.0.0</Description>
      <WebResourceType>3</WebResourceType>
      <IntroducedVersion>1.0</IntroducedVersion>
      <IsEnabledForMobileClient>0</IsEnabledForMobileClient>
      <IsAvailableForMobileOffline>0</IsAvailableForMobileOffline>
      <IsCustomizable>1</IsCustomizable>
      <CanBeDeleted>1</CanBeDeleted>
      <IsHidden>0</IsHidden>
      <FileName>/WebResources/paz_libWebApiClientjs8B425530-CB52-E911-A989-000D3AA0F3AA</FileName>
    </WebResource>
    <WebResource>
      <WebResourceId>{8929b72f-cb52-e911-a98a-000d3aa0f423}</WebResourceId>
      <Name>paz_/entities/Opportunity.webapi.js</Name>
      <DisplayName>paz_/entities/Opportunity.webapi.js</DisplayName>
      <Description>1.0.0.0</Description>
      <WebResourceType>3</WebResourceType>
      <IntroducedVersion>1.0</IntroducedVersion>
      <IsEnabledForMobileClient>0</IsEnabledForMobileClient>
      <IsAvailableForMobileOffline>0</IsAvailableForMobileOffline>
      <DependencyXml>&lt;Dependencies&gt;&lt;Dependency componentType="WebResource"&gt;&lt;Library name="paz_/lib/WebApiClient.js" displayName="paz_/lib/WebApiClient.js" languagecode="" description="1.0.0.0" libraryUniqueId="{6ff42bff-a67b-4742-83c5-83884de4b669}"/&gt;&lt;/Dependency&gt;&lt;/Dependencies&gt;</DependencyXml>
      <IsCustomizable>1</IsCustomizable>
      <CanBeDeleted>1</CanBeDeleted>
      <IsHidden>0</IsHidden>
      <FileName>/WebResources/paz_entitiesOpportunitywebapijs8929B72F-CB52-E911-A98A-000D3AA0F423</FileName>
    </WebResource>
    <WebResource>
      <WebResourceId>{02ac0130-cb52-e911-a992-000d3aa0f55c}</WebResourceId>
      <Name>paz_/entities/Opportunity.js</Name>
      <DisplayName>paz_/entities/Opportunity.js</DisplayName>
      <Description>1.0.0.0</Description>
      <WebResourceType>3</WebResourceType>
      <IntroducedVersion>1.0</IntroducedVersion>
      <IsEnabledForMobileClient>0</IsEnabledForMobileClient>
      <IsAvailableForMobileOffline>0</IsAvailableForMobileOffline>
      <DependencyXml>&lt;Dependencies&gt;&lt;Dependency componentType="WebResource"&gt;&lt;Library name="paz_/entities/Opportunity.form.js" displayName="paz_/entities/Opportunity.form.js" languagecode="" description="1.0.0.0" libraryUniqueId="{5baaf7a9-bd1c-4828-a59f-a97f01cd174a}"/&gt;&lt;Library name="paz_/entities/Opportunity.webapi.js" displayName="paz_/entities/Opportunity.webapi.js" languagecode="" description="1.0.0.0" libraryUniqueId="{f696e736-c591-4c03-9ce1-56db7720fceb}"/&gt;&lt;/Dependency&gt;&lt;/Dependencies&gt;</DependencyXml>
      <IsCustomizable>1</IsCustomizable>
      <CanBeDeleted>1</CanBeDeleted>
      <IsHidden>0</IsHidden>
      <FileName>/WebResources/paz_entitiesOpportunityjs02AC0130-CB52-E911-A992-000D3AA0F55C</FileName>
    </WebResource>
    <WebResource>
      <WebResourceId>{a86d042e-cb52-e911-a988-000d3aa0f6ca}</WebResourceId>
      <Name>paz_/entities/Lead.webapi.js</Name>
      <DisplayName>paz_/entities/Lead.webapi.js</DisplayName>
      <Description>1.0.0.0</Description>
      <WebResourceType>3</WebResourceType>
      <IntroducedVersion>1.0</IntroducedVersion>
      <IsEnabledForMobileClient>0</IsEnabledForMobileClient>
      <IsAvailableForMobileOffline>0</IsAvailableForMobileOffline>
      <DependencyXml>&lt;Dependencies&gt;&lt;Dependency componentType="WebResource"&gt;&lt;Library name="paz_/lib/WebApiClient.js" displayName="paz_/lib/WebApiClient.js" languagecode="" description="1.0.0.0" libraryUniqueId="{6ff42bff-a67b-4742-83c5-83884de4b669}"/&gt;&lt;/Dependency&gt;&lt;/Dependencies&gt;</DependencyXml>
      <IsCustomizable>1</IsCustomizable>
      <CanBeDeleted>1</CanBeDeleted>
      <IsHidden>0</IsHidden>
      <FileName>/WebResources/paz_entitiesLeadwebapijsA86D042E-CB52-E911-A988-000D3AA0F6CA</FileName>
    </WebResource>
    <WebResource>
      <WebResourceId>{7f58572e-cb52-e911-a994-000d3aa0f6ff}</WebResourceId>
      <Name>paz_/entities/Lead.js</Name>
      <DisplayName>paz_/entities/Lead.js</DisplayName>
      <Description>1.0.0.0</Description>
      <WebResourceType>3</WebResourceType>
      <IntroducedVersion>1.0</IntroducedVersion>
      <IsEnabledForMobileClient>0</IsEnabledForMobileClient>
      <IsAvailableForMobileOffline>0</IsAvailableForMobileOffline>
      <DependencyXml>&lt;Dependencies&gt;&lt;Dependency componentType="WebResource"&gt;&lt;Library name="paz_/entities/Lead.form.js" displayName="paz_/entities/Lead.form.js" languagecode="" description="1.0.0.0" libraryUniqueId="{ba5318b4-7d95-4950-9087-7aa0e8a117f7}"/&gt;&lt;Library name="paz_/entities/Lead.webapi.js" displayName="paz_/entities/Lead.webapi.js" languagecode="" description="1.0.0.0" libraryUniqueId="{e007d629-a989-4c4b-9220-99c83ea88aeb}"/&gt;&lt;/Dependency&gt;&lt;/Dependencies&gt;</DependencyXml>
      <IsCustomizable>1</IsCustomizable>
      <CanBeDeleted>1</CanBeDeleted>
      <IsHidden>0</IsHidden>
      <FileName>/WebResources/paz_entitiesLeadjs7F58572E-CB52-E911-A994-000D3AA0F6FF</FileName>
    </WebResource>
  </WebResources>
  <CustomControls />
  <SolutionPluginAssemblies>
    <PluginAssembly FullName="Paz.LuckeyMonkey.CustomAction, Version=1.0.0.0, Culture=en, PublicKeyToken=cd90d0996a785c10" PluginAssemblyId="3501d887-b752-e911-a98a-000d3aa0f423" CustomizationLevel="1">
      <IsolationMode>2</IsolationMode>
      <SourceType>0</SourceType>
      <IntroducedVersion>1.0</IntroducedVersion>
      <FileName>/PluginAssemblies/PazLuckeyMonkeyCustomAction-3501D887-B752-E911-A98A-000D3AA0F423/PazLuckeyMonkeyCustomAction.dll</FileName>
      <PluginTypes>
        <PluginType AssemblyQualifiedName="Paz.LuckeyMonkey.CustomAction.PostNonepaz_AjaxSynchronous, Paz.LuckeyMonkey.CustomAction, Version=1.0.0.0, Culture=en, PublicKeyToken=cd90d0996a785c10" PluginTypeId="d698bb88-b752-e911-a989-000d3aa0f3aa" Name="Paz.LuckeyMonkey.CustomAction.PostNonepaz_AjaxSynchronous">
          <FriendlyName>Paz.LuckeyMonkey.CustomAction.PostNonepaz_AjaxSynchronous</FriendlyName>
        </PluginType>
      </PluginTypes>
    </PluginAssembly>
    <PluginAssembly FullName="Paz.LuckeyMonkey.DataProvider, Version=1.0.0.0, Culture=en, PublicKeyToken=8a7d5e3a2612a23d" PluginAssemblyId="a67eeba2-bc52-e911-a98a-000d3aa0f423" CustomizationLevel="1">
      <IsolationMode>2</IsolationMode>
      <SourceType>0</SourceType>
      <IntroducedVersion>1.0</IntroducedVersion>
      <FileName>/PluginAssemblies/PazLuckeyMonkeyDataProvider-A67EEBA2-BC52-E911-A98A-000D3AA0F423/PazLuckeyMonkeyDataProvider.dll</FileName>
      <PluginTypes>
        <PluginType AssemblyQualifiedName="Paz.LuckeyMonkey.DataProvider.Retrieve, Paz.LuckeyMonkey.DataProvider, Version=1.0.0.0, Culture=en, PublicKeyToken=8a7d5e3a2612a23d" PluginTypeId="9ff880a3-bc52-e911-a989-000d3aa0f3aa" Name="Paz.LuckeyMonkey.DataProvider.Retrieve">
          <FriendlyName>Paz.LuckeyMonkey.DataProvider.Retrieve</FriendlyName>
        </PluginType>
        <PluginType AssemblyQualifiedName="Paz.LuckeyMonkey.DataProvider.RetrieveMultiple, Paz.LuckeyMonkey.DataProvider, Version=1.0.0.0, Culture=en, PublicKeyToken=8a7d5e3a2612a23d" PluginTypeId="a87eeba2-bc52-e911-a98a-000d3aa0f423" Name="Paz.LuckeyMonkey.DataProvider.RetrieveMultiple">
          <FriendlyName>Paz.LuckeyMonkey.DataProvider.RetrieveMultiple</FriendlyName>
        </PluginType>
      </PluginTypes>
    </PluginAssembly>
    <PluginAssembly FullName="Paz.LuckeyMonkey.Plugin.Account, Version=1.0.0.0, Culture=en, PublicKeyToken=8a7d5e3a2612a23d" PluginAssemblyId="c4f71102-ba52-e911-a98a-000d3aa0f423" CustomizationLevel="1">
      <IsolationMode>2</IsolationMode>
      <SourceType>0</SourceType>
      <IntroducedVersion>1.0</IntroducedVersion>
      <FileName>/PluginAssemblies/PazLuckeyMonkeyPluginAccount-C4F71102-BA52-E911-A98A-000D3AA0F423/PazLuckeyMonkeyPluginAccount.dll</FileName>
      <PluginTypes>
        <PluginType AssemblyQualifiedName="Paz.LuckeyMonkey.PluginAccount.PreAccountCreateSynchronous, Paz.LuckeyMonkey.Plugin.Account, Version=1.0.0.0, Culture=en, PublicKeyToken=8a7d5e3a2612a23d" PluginTypeId="74295003-ba52-e911-a989-000d3aa0f3aa" Name="Paz.LuckeyMonkey.PluginAccount.PreAccountCreateSynchronous">
          <FriendlyName>Paz.LuckeyMonkey.PluginAccount.PreAccountCreateSynchronous</FriendlyName>
        </PluginType>
      </PluginTypes>
    </PluginAssembly>
    <PluginAssembly FullName="Paz.LuckeyMonkey.Plugin.Lead, Version=1.0.0.0, Culture=en, PublicKeyToken=8a7d5e3a2612a23d" PluginAssemblyId="958d4428-bb52-e911-a994-000d3aa0f6ff" CustomizationLevel="1">
      <IsolationMode>2</IsolationMode>
      <SourceType>0</SourceType>
      <IntroducedVersion>1.0</IntroducedVersion>
      <FileName>/PluginAssemblies/PazLuckeyMonkeyPluginLead-958D4428-BB52-E911-A994-000D3AA0F6FF/PazLuckeyMonkeyPluginLead.dll</FileName>
      <PluginTypes>
        <PluginType AssemblyQualifiedName="Paz.LuckeyMonkey.PluginLead.PreLeadCreateSynchronous, Paz.LuckeyMonkey.Plugin.Lead, Version=1.0.0.0, Culture=en, PublicKeyToken=8a7d5e3a2612a23d" PluginTypeId="dc50dc28-bb52-e911-a988-000d3aa0f6ca" Name="Paz.LuckeyMonkey.PluginLead.PreLeadCreateSynchronous">
          <FriendlyName>Paz.LuckeyMonkey.PluginLead.PreLeadCreateSynchronous</FriendlyName>
        </PluginType>
      </PluginTypes>
    </PluginAssembly>
    <PluginAssembly FullName="Paz.LuckeyMonkey.Workflow, Version=1.0.0.0, Culture=en, PublicKeyToken=bf1473f2815eb4a6" PluginAssemblyId="6804bede-ba52-e911-a992-000d3aa0f55c" CustomizationLevel="1">
      <IsolationMode>2</IsolationMode>
      <SourceType>0</SourceType>
      <IntroducedVersion>1.0</IntroducedVersion>
      <FileName>/PluginAssemblies/PazLuckeyMonkeyWorkflow-6804BEDE-BA52-E911-A992-000D3AA0F55C/PazLuckeyMonkeyWorkflow.dll</FileName>
      <PluginTypes>
        <PluginType AssemblyQualifiedName="Paz.LuckeyMonkey.Workflow.RetrieveUsers, Paz.LuckeyMonkey.Workflow, Version=1.0.0.0, Culture=en, PublicKeyToken=bf1473f2815eb4a6" PluginTypeId="3b7c81df-ba52-e911-a994-000d3aa0f6ff" Name="RetrieveUsers111">
          <Description>BBB</Description>
          <FriendlyName>RetrieveUsers111</FriendlyName>
          <WorkflowActivityGroupName>Paz.LuckeyMonkey.Workflow</WorkflowActivityGroupName>
        </PluginType>
        <PluginType AssemblyQualifiedName="Paz.LuckeyMonkey.Workflow.SendUsersMail, Paz.LuckeyMonkey.Workflow, Version=1.0.0.0, Culture=en, PublicKeyToken=bf1473f2815eb4a6" PluginTypeId="7b0cefe0-ba52-e911-a989-000d3aa0f171" Name="SendUsersMail">
          <FriendlyName>SendUsersMail</FriendlyName>
          <WorkflowActivityGroupName>Paz.LuckeyMonkey.Workflow</WorkflowActivityGroupName>
        </PluginType>
      </PluginTypes>
    </PluginAssembly>
  </SolutionPluginAssemblies>
  <SdkMessageProcessingSteps>
    <SdkMessageProcessingStep Name="Paz.LuckeyMonkey.CustomAction.None.PostNonepaz_AjaxSynchronous" SdkMessageProcessingStepId="{d168e984-b752-e911-a994-000d3aa0f6ff}">
      <PluginTypeName>Paz.LuckeyMonkey.CustomAction.PostNonepaz_AjaxSynchronous, Paz.LuckeyMonkey.CustomAction, Version=1.0.0.0, Culture=en, PublicKeyToken=cd90d0996a785c10</PluginTypeName>
      <PluginTypeId>d698bb88-b752-e911-a989-000d3aa0f3aa</PluginTypeId>
      <AsyncAutoDelete>0</AsyncAutoDelete>
      <FilteringAttributes></FilteringAttributes>
      <InvocationSource>0</InvocationSource>
      <Mode>0</Mode>
      <Rank>1</Rank>
      <SdkMessageId>{c7623968-b652-e911-a988-000d3aa0f6ca}</SdkMessageId>
      <EventHandlerTypeCode>4602</EventHandlerTypeCode>
      <Stage>40</Stage>
      <IsCustomizable>1</IsCustomizable>
      <IsHidden>0</IsHidden>
      <SupportedDeployment>0</SupportedDeployment>
      <IntroducedVersion>1.0</IntroducedVersion>
      <SdkMessageProcessingStepImages />
    </SdkMessageProcessingStep>
    <SdkMessageProcessingStep Name="Paz.LuckeyMonkey.PluginAccount.PreAccountCreateSynchronous" SdkMessageProcessingStepId="{75295003-ba52-e911-a989-000d3aa0f3aa}">
      <PluginTypeName>Paz.LuckeyMonkey.PluginAccount.PreAccountCreateSynchronous, Paz.LuckeyMonkey.Plugin.Account, Version=1.0.0.0, Culture=en, PublicKeyToken=8a7d5e3a2612a23d</PluginTypeName>
      <PluginTypeId>74295003-ba52-e911-a989-000d3aa0f3aa</PluginTypeId>
      <PrimaryEntity>account</PrimaryEntity>
      <AsyncAutoDelete>0</AsyncAutoDelete>
      <FilteringAttributes></FilteringAttributes>
      <InvocationSource>1</InvocationSource>
      <Mode>0</Mode>
      <Rank>1</Rank>
      <SdkMessageId>{9ebdbb1b-ea3e-db11-86a7-000a3a5473e8}</SdkMessageId>
      <EventHandlerTypeCode>4602</EventHandlerTypeCode>
      <Stage>20</Stage>
      <IsCustomizable>1</IsCustomizable>
      <IsHidden>0</IsHidden>
      <SupportedDeployment>0</SupportedDeployment>
      <IntroducedVersion>1.0</IntroducedVersion>
      <SdkMessageProcessingStepImages />
    </SdkMessageProcessingStep>
    <SdkMessageProcessingStep Name="Paz.LuckeyMonkey.PluginLead.PreLeadCreateSynchronous" SdkMessageProcessingStepId="{dd50dc28-bb52-e911-a988-000d3aa0f6ca}">
      <PluginTypeName>Paz.LuckeyMonkey.PluginLead.PreLeadCreateSynchronous, Paz.LuckeyMonkey.Plugin.Lead, Version=1.0.0.0, Culture=en, PublicKeyToken=8a7d5e3a2612a23d</PluginTypeName>
      <PluginTypeId>dc50dc28-bb52-e911-a988-000d3aa0f6ca</PluginTypeId>
      <PrimaryEntity>lead</PrimaryEntity>
      <AsyncAutoDelete>0</AsyncAutoDelete>
      <FilteringAttributes></FilteringAttributes>
      <InvocationSource>1</InvocationSource>
      <Mode>0</Mode>
      <Rank>1</Rank>
      <SdkMessageId>{9ebdbb1b-ea3e-db11-86a7-000a3a5473e8}</SdkMessageId>
      <EventHandlerTypeCode>4602</EventHandlerTypeCode>
      <Stage>20</Stage>
      <IsCustomizable>1</IsCustomizable>
      <IsHidden>0</IsHidden>
      <SupportedDeployment>0</SupportedDeployment>
      <IntroducedVersion>1.0</IntroducedVersion>
      <SdkMessageProcessingStepImages />
    </SdkMessageProcessingStep>
  </SdkMessageProcessingSteps>
  <EntityDataProviders />
  <Languages>
    <Language>1033</Language>
  </Languages>
</ImportExportXml>