{
  "servers": [
    {
      "profile": "DEBUG",
      "solution": "???",
      "folder": "bin\\Debug",
      "includefiles": [
        "???.Plugin.*.dll",
        "???.CustomAction.*.dll",
        "???.Workflow.*.dll",
        "???.CustomApi.*.dll",
        "???.DataProvider.*.dll"
      ],
      "excludefiles": [
        "???.*.Test.dll"
      ]
    }
  ],
  "webresources": [
    {
      "profile": "DEBUG",
      "solution": "???",
      "rootfolder": "",
      "includefiles": [
        "css\\**.css",
        "entities\\*.js",
        "html\\**.html",
        "images\\**.png",
        "js\\**.js",
        "lib\\**.js",
        "resources\\*.resx"
      ],
      "excludefiles": [
        "test\\**.js"
      ],
      "dependencies": [
        {
          "webresources": [
            "???_/entities/[entity].js"
          ],
          "dependencies": [
            "???_/entities/[entity].form.js",
            "???_/entities/[entity].webapi.js"
          ]
        },
        {
          "webresources": [
            "???_/entities/[entity].form.js"
          ],
          "dependencies": [
            "???_/lib/devkit.js"
          ]
        }
      ]
    }
  ],
  "datasources": [
    {
      "profile": "DEBUG",
      "solution": "???",
      "displayname": "???",
      "pluralname": "???",
      "name": "???"
    }
  ],
  "solutionpackagers": [
    {
      "profile": "Extract-Unmanaged",
      "solution": "???",
      "rootfolder": "",
      "solutiontype": "Unmanaged",
      "folder": "???",
      "type": "Extract",
      "mapfile": ""
    },
    {
      "profile": "Extract-Managed",
      "solution": "???",
      "rootfolder": "",
      "solutiontype": "Managed",
      "folder": "???",
      "type": "Extract",
      "mapfile": ""
    },
    {
      "profile": "Pack-Unmanaged",
      "solution": "???",
      "rootfolder": "",
      "solutiontype": "Unmanaged",
      "folder": "???",
      "type": "Pack",
      "mapfile": ""
    },
    {
      "profile": "Pack-Managed",
      "solution": "???",
      "rootfolder": "",
      "solutiontype": "Managed",
      "folder": "???",
      "type": "Pack",
      "mapfile": ""
    }
  ],
  "generators": [
    {
      "profile": "LATEBOUND",
      "type": "CSharp",
      "rootnamespace": "???",
      "rootfolder": "???",
      "entities": "folder",
      "debug": "?"
    },
    {
      "profile": "JS-FORM",
      "type": "JsForm",
      "rootnamespace": "???",
      "rootfolder": "???",
      "entities": "folder",
      "debug": "?"
    },
    {
      "profile": "JS-WEBAPI",
      "type": "JsWebApi",
      "rootnamespace": "???",
      "rootfolder": "???",
      "entities": "folder",
      "debug": "?"
    }
  ],
  "downloadwebresources": [
    {
      "profile": "DEBUG",
      "solution": "???"
    }
  ],
  "downloadreports": [
    {
      "profile": "DEBUG",
      "solution": "???"
    }
  ],
  "proxytypes": [
    {
      "profile": "ALL",
      "namespace": "???",
      "output": "GeneratedCode.cs",
      "entities": "*"
    }
  ]
}